Feature,Importance
chol,0.2818902909135925
systolic,0.2643259685390956
heart_rate,0.21529768830639542
age,0.21154126903478412
sex,0.02694478320613245
